{
 "bootstrap_seed": 20260703,
 "B": 10000,
 "preliminary": false,
 "expected_runs": 9,
 "run_files_present": 9,
 "completed_runs": 9,
 "missing_runs": [],
 "disposition_runs": [],
 "incomplete_runs": [],
 "halted_runs": [],
 "tasks": {
  "t1a": {
   "random_success": 0.04,
   "random_return": -5.357222813086094,
   "criterion_i_prime_metric": "success",
   "seeds": {
    "0": {
     "final_success": 0.47,
     "final_return": 1.3812917265016142,
     "final_d": 0.1706451636952278,
     "d_at_done": 0.1706451636952278,
     "min_d": 0.0858017046649447,
     "criterion_i_prime_lb": 0.34,
     "criterion_i_prime_pass": true,
     "gap_p95": {
      "series": [
       4.0494920739736155,
       8.993021731195455,
       0.1647486365522047,
       1.7773195063235938
      ],
      "bounded": true,
      "max": 8.993021731195455
     },
     "td_target_clamp_hit_frac": {
      "n": 2976,
      "max": 0.0,
      "final": 0.0,
      "tail_mean": 0.0,
      "nonzero_frac": 0.0,
      "series_tail": [
       0.0,
       0.0,
       0.0,
       0.0,
       0.0,
       0.0,
       0.0,
       0.0,
       0.0,
       0.0,
       0.0,
       0.0,
       0.0,
       0.0,
       0.0,
       0.0
      ],
      "steady_nonzero": false
     },
     "nan_incidents_corrected": 150,
     "magnitude_incidents_corrected": null,
     "full_scene_rebuilds": 4,
     "per_template_success": {
      "random_smooth": 0.64,
      "s_curve": 0.32,
      "straight": 0.84,
      "u_bend": 0.08
     }
    },
    "1": {
     "final_success": 0.3,
     "final_return": -0.19954000413261624,
     "final_d": 0.23571014706140325,
     "d_at_done": 0.23571014706140325,
     "min_d": 0.16359416594428647,
     "criterion_i_prime_lb": 0.18,
     "criterion_i_prime_pass": true,
     "gap_p95": {
      "series": [
       8.682236196661389,
       9.195023583824982,
       5.170699834730224,
       3.4737633570232136
      ],
      "bounded": true,
      "max": 9.195023583824982
     },
     "td_target_clamp_hit_frac": {
      "n": 2976,
      "max": 0.0,
      "final": 0.0,
      "tail_mean": 0.0,
      "nonzero_frac": 0.0,
      "series_tail": [
       0.0,
       0.0,
       0.0,
       0.0,
       0.0,
       0.0,
       0.0,
       0.0,
       0.0,
       0.0,
       0.0,
       0.0,
       0.0,
       0.0,
       0.0,
       0.0
      ],
      "steady_nonzero": false
     },
     "nan_incidents_corrected": 125,
     "magnitude_incidents_corrected": null,
     "full_scene_rebuilds": 6,
     "per_template_success": {
      "random_smooth": 0.44,
      "s_curve": 0.0,
      "straight": 0.76,
      "u_bend": 0.0
     }
    },
    "2": {
     "final_success": 0.33,
     "final_return": 0.9810032973702486,
     "final_d": 0.1035896782779313,
     "d_at_done": 0.1035896782779313,
     "min_d": 0.07708919173718842,
     "criterion_i_prime_lb": 0.20999999999999996,
     "criterion_i_prime_pass": true,
     "gap_p95": {
      "series": [
       8.655090738508445,
       7.843989310667594,
       1.1076530673141458,
       0.02457517371779442
      ],
      "bounded": true,
      "max": 8.655090738508445
     },
     "td_target_clamp_hit_frac": {
      "n": 2976,
      "max": 0.0,
      "final": 0.0,
      "tail_mean": 0.0,
      "nonzero_frac": 0.0,
      "series_tail": [
       0.0,
       0.0,
       0.0,
       0.0,
       0.0,
       0.0,
       0.0,
       0.0,
       0.0,
       0.0,
       0.0,
       0.0,
       0.0,
       0.0,
       0.0,
       0.0
      ],
      "steady_nonzero": false
     },
     "nan_incidents_corrected": 94,
     "magnitude_incidents_corrected": null,
     "full_scene_rebuilds": 4,
     "per_template_success": {
      "random_smooth": 0.32,
      "s_curve": 0.04,
      "straight": 0.96,
      "u_bend": 0.0
     }
    }
   },
   "template_min_d": {
    "straight": {
     "n": 75,
     "success_rate": 0.8533333333333334,
     "mean_return": 3.4657933634791243,
     "mean_final_d": 0.09063141555722104,
     "mean_d_at_done": 0.09063141555722104,
     "mean_min_d": 0.06082827385879578,
     "min_d_p10": 0.010713595634485044,
     "min_d_p50": 0.02903634091878941,
     "min_d_p90": 0.2349552189589962
    },
    "u_bend": {
     "n": 75,
     "success_rate": 0.02666666666666667,
     "mean_return": -1.6167924642338742,
     "mean_final_d": 0.21605898606446697,
     "mean_d_at_done": 0.21605898606446697,
     "mean_min_d": 0.14459264085896417,
     "min_d_p10": 0.07919317511586894,
     "min_d_p50": 0.1016138667045418,
     "min_d_p90": 0.2494645631548179
    },
    "s_curve": {
     "n": 75,
     "success_rate": 0.12,
     "mean_return": -0.35496248715460427,
     "mean_final_d": 0.23759800490202437,
     "mean_d_at_done": 0.23759800490202437,
     "mean_min_d": 0.1386403120456546,
     "min_d_p10": 0.04931966707328469,
     "min_d_p50": 0.09790152160882008,
     "min_d_p90": 0.27500333438019847
    },
    "random_smooth": {
     "n": 75,
     "success_rate": 0.4666666666666667,
     "mean_return": 1.3896349475616818,
     "mean_final_d": 0.135638245522371,
     "mean_d_at_done": 0.135638245522371,
     "mean_min_d": 0.0912521896984782,
     "min_d_p10": 0.02592777578264269,
     "min_d_p50": 0.05450148312343821,
     "min_d_p90": 0.2611523360348244
    }
   },
   "final_success_std_pp": 7.4087035902976215,
   "criterion_ii_std_lt_15pp": true,
   "criterion_iii_t1a_ge_70pct": false,
   "curve_path": "outputs/plots/p1_m3r_curves_t1a.png"
  },
  "t1b": {
   "random_success": 0.0,
   "random_return": -4.056910803338964,
   "criterion_i_prime_metric": "return",
   "seeds": {
    "0": {
     "final_success": 0.0,
     "final_return": -4.309020813434671,
     "final_d": 0.3668600055404182,
     "d_at_done": 0.3668600055404182,
     "min_d": 0.24336552467335293,
     "criterion_i_prime_lb": -0.8037832496946993,
     "criterion_i_prime_pass": false,
     "gap_p95": {
      "series": [
       13.865719741548263,
       13.655284644178076,
       7.862227639169102,
       6.639533793891209
      ],
      "bounded": true,
      "max": 13.865719741548263
     },
     "td_target_clamp_hit_frac": {
      "n": 2976,
      "max": 0.0,
      "final": 0.0,
      "tail_mean": 0.0,
      "nonzero_frac": 0.0,
      "series_tail": [
       0.0,
       0.0,
       0.0,
       0.0,
       0.0,
       0.0,
       0.0,
       0.0,
       0.0,
       0.0,
       0.0,
       0.0,
       0.0,
       0.0,
       0.0,
       0.0
      ],
      "steady_nonzero": false
     },
     "nan_incidents_corrected": 108,
     "magnitude_incidents_corrected": null,
     "full_scene_rebuilds": 2,
     "per_template_success": {
      "random_smooth": 0.0,
      "s_curve": 0.0,
      "straight": 0.0,
      "u_bend": 0.0
     }
    },
    "1": {
     "final_success": 0.01,
     "final_return": -0.9422260934447213,
     "final_d": 0.21269310589470333,
     "d_at_done": 0.21269310589470333,
     "min_d": 0.1758493234281307,
     "criterion_i_prime_lb": 2.7184417535467684,
     "criterion_i_prime_pass": true,
     "gap_p95": {
      "series": [
       3.176056969567441,
       2.4624258082943022,
       4.283747059859308,
       0.09892932392270837
      ],
      "bounded": true,
      "max": 4.283747059859308
     },
     "td_target_clamp_hit_frac": {
      "n": 2976,
      "max": 0.0,
      "final": 0.0,
      "tail_mean": 0.0,
      "nonzero_frac": 0.0,
      "series_tail": [
       0.0,
       0.0,
       0.0,
       0.0,
       0.0,
       0.0,
       0.0,
       0.0,
       0.0,
       0.0,
       0.0,
       0.0,
       0.0,
       0.0,
       0.0,
       0.0
      ],
      "steady_nonzero": false
     },
     "nan_incidents_corrected": 83,
     "magnitude_incidents_corrected": null,
     "full_scene_rebuilds": 4,
     "per_template_success": {
      "random_smooth": 0.0,
      "s_curve": 0.0,
      "straight": 0.0,
      "u_bend": 0.04
     }
    },
    "2": {
     "final_success": 0.06,
     "final_return": -1.8086579846539836,
     "final_d": 0.22900116713092605,
     "d_at_done": 0.22900116713092605,